chain_id,residue_number,insertion_code,residue_name_3,residue_name_1,has_N,has_CA,has_C,has_O,ca_x,ca_y,ca_z,dist_from_centroid,environment,seq_index,ss_simple,is_special_residue,mutation_priority,mutation_priority_reason
A,1,,Lys,K,True,True,True,True,2.438999891281128,10.217000007629395,9.791000366210938,14.148949696103521,surface,0,loop,False,high,surface;loop
A,2,,Val,V,True,True,True,True,2.306999921798706,14.17199993133545,7.579999923706055,13.469237638947806,surface,1,helix,False,high,surface;helix
A,5,,Arg,R,True,True,True,True,-3.822999954223633,20.763999938964844,5.684999942779541,13.922535997983658,surface,4,helix,False,high,surface;helix
A,7,,Glu,E,True,True,True,True,-7.11899995803833,16.413999557495117,6.190999984741211,15.11023770696015,surface,6,helix,False,high,surface;helix
A,10,,Ala,A,True,True,True,True,-11.206000328063965,17.204999923706055,9.475000381469727,14.784205581598139,surface,9,helix,False,high,surface;helix
A,13,,Lys,K,True,True,True,True,-12.854000091552734,18.062000274658203,14.213000297546387,13.492572755492402,surface,12,helix,False,high,surface;helix
A,14,,Arg,R,True,True,True,True,-13.645000457763672,14.501999855041504,14.213000297546387,15.203697173346718,surface,13,helix,False,high,surface;helix
A,18,,Asp,D,True,True,True,True,-13.184000015258789,23.070999145507812,16.865999221801758,13.152203451230722,surface,17,helix,False,high,surface;helix
A,19,,Asn,N,True,True,True,True,-14.17199993133545,25.70800018310547,19.329999923706055,14.65570655616329,surface,18,helix,False,high,surface;helix
A,21,,Arg,R,True,True,True,True,-12.194999694824219,26.69700050354004,24.761999130249023,14.393785598453416,surface,20,helix,False,high,surface;helix
A,47,,Thr,T,True,True,True,True,18.589000701904297,23.070999145507812,26.025999069213867,20.480516163029783,surface,46,helix,False,high,surface;helix
A,48,,Asp,D,True,True,True,True,17.006999969482422,21.819000244140625,29.5,20.38803977553517,surface,47,helix,False,high,surface;helix
A,60,,Ser,S,True,True,True,True,8.041999816894531,16.611000061035156,28.426000595092773,13.133431928368067,surface,59,helix,False,high,surface;helix
A,61,,Arg,R,True,True,True,True,8.701000213623047,18.655000686645508,31.332000732421875,15.334025822781026,surface,60,helix,False,high,surface;helix
A,66,,Asp,D,True,True,True,True,9.954000473022461,10.151000022888184,27.857999801635742,16.99539686484217,surface,65,helix,False,high,surface;helix
A,68,,Arg,R,True,True,True,True,15.029000282287598,11.404000282287598,30.0049991607666,20.94710744112791,surface,67,helix,False,high,surface;helix
A,69,,Thr,T,True,True,True,True,13.843000411987305,14.699999809265137,31.07900047302246,19.48090440951307,surface,68,helix,False,high,surface;helix
A,73,,Arg,R,True,True,True,True,5.867000102996826,15.689000129699707,36.25899887084961,18.800739445392264,surface,72,helix,False,high,surface;helix
A,74,,Asn,N,True,True,True,True,3.756999969482422,13.711000442504883,33.98500061035156,16.760049812055424,surface,73,helix,False,high,surface;helix
A,75,,Leu,L,True,True,True,True,0.7250000238418579,16.01799964904785,33.731998443603516,15.210456236744735,surface,74,helix,False,high,surface;helix
A,77,,Asn,N,True,True,True,True,-0.06599999964237213,10.942000389099121,32.279998779296875,16.11496383423355,surface,76,helix,False,high,surface;helix
A,81,,Ser,S,True,True,True,True,5.999000072479248,8.635000228881836,22.298999786376953,13.765749628757721,surface,80,helix,False,high,surface;helix
A,86,,Ser,S,True,True,True,True,-0.2639999985694885,8.503000259399414,13.329000473022461,13.229612816409322,surface,85,helix,False,high,surface;helix
A,100,,Ser,S,True,True,True,True,-7.580999851226807,24.85099983215332,29.562999725341797,13.31195140075409,surface,99,helix,False,high,surface;helix
A,101,,Asp,D,True,True,True,True,-4.943999767303467,25.312999725341797,32.15299987792969,14.550014115500773,surface,100,helix,False,high,surface;helix
A,103,,Asn,N,True,True,True,True,-2.7690000534057617,30.45400047302246,28.679000854492188,14.027991282906202,surface,102,helix,False,high,surface;helix
A,112,,Arg,R,True,True,True,True,1.3179999589920044,33.28900146484375,19.202999114990234,13.067980875630946,surface,111,helix,False,high,surface;helix
A,113,,Asn,N,True,True,True,True,4.218999862670898,34.67300033569336,16.993000030517578,15.249110047563816,surface,112,helix,False,high,surface;helix
A,114,,Arg,R,True,True,True,True,2.7690000534057617,33.35499954223633,13.454999923706055,14.595600469794988,surface,113,helix,False,high,surface;helix
A,116,,Lys,K,True,True,True,True,-2.372999906539917,34.9370002746582,16.677000045776367,14.916528868851955,surface,115,helix,False,high,surface;helix
A,119,,Asp,D,True,True,True,True,-7.184999942779541,35.20000076293945,9.475000381469727,18.95871986208535,surface,118,helix,False,high,surface;helix
A,120,,Val,V,True,True,True,True,-6.5920000076293945,31.31100082397461,10.675999641418457,15.152554386030987,surface,119,helix,False,high,surface;helix
A,121,,Gln,Q,True,True,True,True,-9.954000473022461,30.520000457763672,8.590999603271484,17.460492768645203,surface,120,helix,False,high,surface;helix
A,122,,Ala,A,True,True,True,True,-7.843999862670898,30.652000427246094,5.306000232696533,18.782682158203002,surface,121,helix,False,high,surface;helix
A,123,,Trp,W,True,True,True,True,-6.26200008392334,27.290000915527344,6.758999824523926,15.359596923408487,surface,122,helix,False,high,surface;helix
A,124,,Ile,I,True,True,True,True,-9.755999565124512,25.576000213623047,6.570000171661377,16.494663080368376,surface,123,helix,False,high,surface;helix
A,128,,Arg,R,True,True,True,True,-15.359000205993652,19.709999084472656,3.6010000705718994,21.53660839646854,surface,127,helix,False,high,surface;helix
A,129,,Leu,L,True,True,True,True,-15.95199966430664,19.906999588012695,7.263999938964844,19.510057570725447,surface,128,loop,False,high,surface;loop
