chain_id,residue_number,insertion_code,residue_name_3,residue_name_1,has_N,has_CA,has_C,has_O,ca_x,ca_y,ca_z
A,1,,Lys,K,True,True,True,True,2.438999891281128,10.217000007629395,9.791000366210938
A,2,,Val,V,True,True,True,True,2.306999921798706,14.17199993133545,7.579999923706055
A,3,,Phe,F,True,True,True,True,-1.187000036239624,15.293000221252441,7.579999923706055
A,4,,Gly,G,True,True,True,True,-2.63700008392334,17.468000411987305,4.863999843597412
A,5,,Arg,R,True,True,True,True,-3.822999954223633,20.763999938964844,5.684999942779541
A,6,,Cys,C,True,True,True,True,-7.580999851226807,20.104999542236328,4.611000061035156
A,7,,Glu,E,True,True,True,True,-7.11899995803833,16.413999557495117,6.190999984741211
A,8,,Leu,L,True,True,True,True,-5.735000133514404,17.534000396728516,9.475000381469727
A,9,,Ala,A,True,True,True,True,-8.371999740600586,19.906999588012695,9.664999961853027
A,10,,Ala,A,True,True,True,True,-11.206000328063965,17.204999923706055,9.475000381469727
A,11,,Ala,A,True,True,True,True,-9.425999641418457,14.963000297546387,11.74899959564209
A,12,,Met,M,True,True,True,True,-9.295000076293945,17.534000396728516,14.529000282287598
A,13,,Lys,K,True,True,True,True,-12.854000091552734,18.062000274658203,14.213000297546387
A,14,,Arg,R,True,True,True,True,-13.645000457763672,14.501999855041504,14.213000297546387
A,15,,His,H,True,True,True,True,-11.864999771118164,14.89799976348877,17.81399917602539
A,16,,Gly,G,True,True,True,True,-13.645000457763672,17.996000289916992,19.77199935913086
A,17,,Leu,L,True,True,True,True,-10.876999855041504,20.763999938964844,18.635000228881836
A,18,,Asp,D,True,True,True,True,-13.184000015258789,23.070999145507812,16.865999221801758
A,19,,Asn,N,True,True,True,True,-14.17199993133545,25.70800018310547,19.329999923706055
A,20,,Tyr,Y,True,True,True,True,-12.656000137329102,24.257999420166016,21.85700035095215
A,21,,Arg,R,True,True,True,True,-12.194999694824219,26.69700050354004,24.761999130249023
A,22,,Gly,G,True,True,True,True,-13.512999534606934,29.13599967956543,22.108999252319336
A,23,,Tyr,Y,True,True,True,True,-10.086000442504883,28.608999252319336,19.645999908447266
A,24,,Ser,S,True,True,True,True,-11.338000297546387,28.14699935913086,16.17099952697754
A,25,,Leu,L,True,True,True,True,-10.54699993133545,25.378999710083008,13.897000312805176
A,26,,Gly,G,True,True,True,True,-8.173999786376953,27.224000930786133,12.001999855041504
A,27,,Asn,N,True,True,True,True,-6.26200008392334,28.27899932861328,15.16100025177002
A,28,,Trp,W,True,True,True,True,-5.603000164031982,24.58799934387207,15.539999961853027
A,29,,Val,V,True,True,True,True,-4.613999843597412,23.731000900268555,11.87600040435791
A,30,,Cys,C,True,True,True,True,-2.1089999675750732,26.69700050354004,11.5600004196167
A,31,,Ala,A,True,True,True,True,-0.7910000085830688,25.84000015258789,14.718000411987305
A,32,,Ala,A,True,True,True,True,-0.1979999989271164,22.47800064086914,14.592000007629395
A,33,,Lys,K,True,True,True,True,1.3839999437332153,23.466999053955078,10.612000465393066
A,34,,Phe,F,True,True,True,True,3.9549999237060547,25.9060001373291,11.74899959564209
A,35,,Glu,E,True,True,True,True,4.679999828338623,23.79599952697754,14.970999717712402
A,36,,Ser,S,True,True,True,True,4.877999782562256,20.434999465942383,13.454999923706055
A,37,,Asn,N,True,True,True,True,4.679999828338623,20.631999969482422,9.664999961853027
A,38,,Phe,F,True,True,True,True,1.7799999713897705,18.062000274658203,9.475000381469727
A,39,,Asn,N,True,True,True,True,4.020999908447266,15.753999710083008,10.675999641418457
A,40,,Thr,T,True,True,True,True,2.9660000801086426,13.843000411987305,13.770999908447266
A,41,,Gln,Q,True,True,True,True,6.723999977111816,12.062999725341797,14.33899974822998
A,42,,Ala,A,True,True,True,True,8.569000244140625,15.293000221252441,14.33899974822998
A,43,,Thr,T,True,True,True,True,10.480999946594238,15.623000144958496,17.750999450683594
A,44,,Asn,N,True,True,True,True,12.194999694824219,18.78700065612793,19.07699966430664
A,45,,Arg,R,True,True,True,True,14.765999794006348,19.24799919128418,21.85700035095215
A,46,,Asn,N,True,True,True,True,15.16100025177002,22.676000595092773,23.499000549316406
A,47,,Thr,T,True,True,True,True,18.589000701904297,23.070999145507812,26.025999069213867
A,48,,Asp,D,True,True,True,True,17.006999969482422,21.819000244140625,29.5
A,49,,Gly,G,True,True,True,True,16.479999542236328,17.93000030517578,28.80500030517578
A,50,,Ser,S,True,True,True,True,13.184000015258789,18.78700065612793,27.604999542236328
A,51,,Thr,T,True,True,True,True,11.930999755859375,17.79800033569336,24.256999969482422
A,52,,Asp,D,True,True,True,True,8.89900016784668,18.457000732421875,22.108999252319336
A,53,,Tyr,Y,True,True,True,True,6.986999988555908,15.623000144958496,20.277000427246094
A,54,,Gly,G,True,True,True,True,4.086999893188477,15.16100025177002,17.687000274658203
A,55,,Ile,I,True,True,True,True,1.8459999561309814,17.600000381469727,15.413000106811523
A,56,,Leu,L,True,True,True,True,1.187000036239624,19.774999618530273,18.319000244140625
A,57,,Gln,Q,True,True,True,True,4.745999813079834,19.906999588012695,20.024999618530273
A,58,,Ile,I,True,True,True,True,3.8889999389648438,18.85300064086914,23.37299919128418
A,59,,Asn,N,True,True,True,True,6.723999977111816,19.24799919128418,25.89900016784668
A,60,,Ser,S,True,True,True,True,8.041999816894531,16.611000061035156,28.426000595092773
A,61,,Arg,R,True,True,True,True,8.701000213623047,18.655000686645508,31.332000732421875
A,62,,Trp,W,True,True,True,True,4.811999797821045,18.78700065612793,32.09000015258789
A,63,,Trp,W,True,True,True,True,2.703000068664551,16.875,29.562999725341797
A,64,,Cys,C,True,True,True,True,4.1529998779296875,13.579000473022461,28.80500030517578
A,65,,Asn,N,True,True,True,True,6.921000003814697,11.470000267028809,30.19499969482422
A,66,,Asp,D,True,True,True,True,9.954000473022461,10.151000022888184,27.857999801635742
A,67,,Gly,G,True,True,True,True,12.194999694824219,8.833000183105469,30.320999145507812
A,68,,Arg,R,True,True,True,True,15.029000282287598,11.404000282287598,30.0049991607666
A,69,,Thr,T,True,True,True,True,13.843000411987305,14.699999809265137,31.07900047302246
A,70,,Pro,P,True,True,True,True,14.17199993133545,14.831999778747559,34.86899948120117
A,71,,Gly,G,True,True,True,True,11.864999771118164,17.666000366210938,35.75400161743164
A,72,,Ser,S,True,True,True,True,9.229000091552734,15.623000144958496,34.805999755859375
A,73,,Arg,R,True,True,True,True,5.867000102996826,15.689000129699707,36.25899887084961
A,74,,Asn,N,True,True,True,True,3.756999969482422,13.711000442504883,33.98500061035156
A,75,,Leu,L,True,True,True,True,0.7250000238418579,16.01799964904785,33.731998443603516
A,76,,Cys,C,True,True,True,True,-1.187000036239624,14.107000350952148,30.700000762939453
A,77,,Asn,N,True,True,True,True,-0.06599999964237213,10.942000389099121,32.279998779296875
A,78,,Ile,I,True,True,True,True,0.7910000085830688,9.491999626159668,28.679000854492188
A,79,,Pro,P,True,True,True,True,4.613999843597412,8.569000244140625,27.54199981689453
A,80,,Cys,C,True,True,True,True,5.933000087738037,11.206000328063965,24.761999130249023
A,81,,Ser,S,True,True,True,True,5.999000072479248,8.635000228881836,22.298999786376953
A,82,,Ala,A,True,True,True,True,2.306999921798706,8.107999801635742,22.236000061035156
A,83,,Leu,L,True,True,True,True,2.438999891281128,11.53600025177002,20.84600067138672
A,84,,Leu,L,True,True,True,True,4.020999908447266,10.678999900817871,17.624000549316406
A,85,,Ser,S,True,True,True,True,1.8459999561309814,7.909999847412109,16.361000061035156
A,86,,Ser,S,True,True,True,True,-0.2639999985694885,8.503000259399414,13.329000473022461
A,87,,Asp,D,True,True,True,True,-3.427999973297119,8.89900016784668,15.413000106811523
A,88,,Ile,I,True,True,True,True,-3.822999954223633,12.26099967956543,17.18199920654297
A,89,,Thr,T,True,True,True,True,-5.933000087738037,11.008000373840332,19.961000442504883
A,90,,Ala,A,True,True,True,True,-3.2300000190734863,11.668000221252441,22.424999237060547
A,91,,Ser,S,True,True,True,True,-2.174999952316284,14.765999794006348,21.47800064086914
A,92,,Val,V,True,True,True,True,-5.339000225067139,16.347999572753906,20.909000396728516
A,93,,Asn,N,True,True,True,True,-6.6579999923706055,14.765999794006348,24.256999969482422
A,94,,Cys,C,True,True,True,True,-3.361999988555908,16.083999633789062,25.836000442504883
A,95,,Ala,A,True,True,True,True,-3.690999984741211,19.445999145507812,23.94099998474121
A,96,,Lys,K,True,True,True,True,-7.052999973297119,19.709999084472656,25.64699935913086
A,97,,Lys,K,True,True,True,True,-5.2729997634887695,20.30299949645996,29.246999740600586
A,98,,Ile,I,True,True,True,True,-2.8350000381469727,22.742000579833984,27.92099952697754
A,99,,Val,V,True,True,True,True,-5.076000213623047,24.85099983215332,26.277999877929688
A,100,,Ser,S,True,True,True,True,-7.580999851226807,24.85099983215332,29.562999725341797
A,101,,Asp,D,True,True,True,True,-4.943999767303467,25.312999725341797,32.15299987792969
A,102,,Gly,G,True,True,True,True,-4.48199987411499,29.003999710083008,31.77400016784668
A,103,,Asn,N,True,True,True,True,-2.7690000534057617,30.45400047302246,28.679000854492188
A,104,,Gly,G,True,True,True,True,-4.613999843597412,29.333999633789062,25.89900016784668
A,105,,Met,M,True,True,True,True,-2.9660000801086426,28.673999786376953,22.740999221801758
A,106,,Asn,N,True,True,True,True,-0.1979999989271164,31.31100082397461,24.003999710083008
A,107,,Ala,A,True,True,True,True,1.3179999589920044,28.21299934387207,25.64699935913086
A,108,,Trp,W,True,True,True,True,2.372999906539917,27.554000854492188,22.108999252319336
A,109,,Val,V,True,True,True,True,5.2729997634887695,29.861000061035156,21.288000106811523
A,110,,Ala,A,True,True,True,True,4.48199987411499,29.465999603271484,17.434999465942383
A,111,,Trp,W,True,True,True,True,0.460999995470047,30.32200050354004,17.18199920654297
A,112,,Arg,R,True,True,True,True,1.3179999589920044,33.28900146484375,19.202999114990234
A,113,,Asn,N,True,True,True,True,4.218999862670898,34.67300033569336,16.993000030517578
A,114,,Arg,R,True,True,True,True,2.7690000534057617,33.35499954223633,13.454999923706055
A,115,,Cys,C,True,True,True,True,-1.121000051498413,32.56399917602539,13.770999908447266
A,116,,Lys,K,True,True,True,True,-2.372999906539917,34.9370002746582,16.677000045776367
A,117,,Gly,G,True,True,True,True,-4.1529998779296875,37.638999938964844,15.223999977111816
A,118,,Thr,T,True,True,True,True,-4.086999893188477,36.51900100708008,11.369999885559082
A,119,,Asp,D,True,True,True,True,-7.184999942779541,35.20000076293945,9.475000381469727
A,120,,Val,V,True,True,True,True,-6.5920000076293945,31.31100082397461,10.675999641418457
A,121,,Gln,Q,True,True,True,True,-9.954000473022461,30.520000457763672,8.590999603271484
A,122,,Ala,A,True,True,True,True,-7.843999862670898,30.652000427246094,5.306000232696533
A,123,,Trp,W,True,True,True,True,-6.26200008392334,27.290000915527344,6.758999824523926
A,124,,Ile,I,True,True,True,True,-9.755999565124512,25.576000213623047,6.570000171661377
A,125,,Arg,R,True,True,True,True,-10.876999855041504,27.025999069213867,3.4110000133514404
A,126,,Gly,G,True,True,True,True,-11.60200023651123,24.58799934387207,0.6949999928474426
A,127,,Cys,C,True,True,True,True,-12.32699966430664,21.951000213623047,3.4110000133514404
A,128,,Arg,R,True,True,True,True,-15.359000205993652,19.709999084472656,3.6010000705718994
A,129,,Leu,L,True,True,True,True,-15.95199966430664,19.906999588012695,7.263999938964844
